{
  "sentence": {
    "anger": 0.03,
    "disgust": 0.0,
    "fear": 0.16541666666666666,
    "joy": 0.23,
    "love": 0.04,
    "noemo": 0.2995833333333333,
    "sadness": 0.085,
    "surprise": 0.15,
    "text": "null"
  }
}